{
  "version": 1,
  "author": "Anonymous maker",
  "editor": "wokwi",
  "parts": [
    {
      "type": "wokwi-esp32-devkit-v1",
      "id": "esp",
      "top": -102,
      "left": -222,
      "attrs": { "env": "micropython-20230426-v1.20.0" }
    },
    {
      "type": "wokwi-dht22",
      "id": "dht1",
      "top": -201.3,
      "left": 13.8,
      "attrs": { "humidity": "38.5", "temperature": "80" }
    },
    { "type": "wokwi-slide-switch", "id": "sw1", "top": -43.6, "left": -284.9, "attrs": {} }
  ],
  "connections": [
    [ "esp:TX0", "$serialMonitor:RX", "", [] ],
    [ "esp:RX0", "$serialMonitor:TX", "", [] ],
    [ "dht1:VCC", "esp:3V3", "red", [ "v0" ] ],
    [ "dht1:GND", "esp:GND.1", "black", [ "v0" ] ],
    [ "sw1:2", "esp:VIN", "green", [ "v0" ] ],
    [ "sw1:1", "esp:GND.2", "green", [ "v0" ] ],
    [ "sw1:3", "esp:D13", "green", [ "v0" ] ],
    [ "dht1:SDA", "esp:D2", "green", [ "v0" ] ]
  ],
  "dependencies": {}
}