{
  "version": 1,
  "author": "Anonymous maker",
  "editor": "wokwi",
  "parts": [
    {
      "type": "wokwi-esp32-devkit-v1",
      "id": "esp",
      "top": -102,
      "left": -222,
      "attrs": { "env": "micropython-20230426-v1.20.0" }
    },
    {
      "type": "wokwi-7segment",
      "id": "sevseg1",
      "top": -148.62,
      "left": -52.52,
      "attrs": { "color": "red", "common": "anode" }
    },
    { "type": "wokwi-slide-switch", "id": "sw1", "top": -206.8, "left": -294.5, "attrs": {} },
    { "type": "wokwi-slide-switch", "id": "sw2", "top": -216.4, "left": -179.3, "attrs": {} },
    { "type": "wokwi-slide-switch", "id": "sw3", "top": -216.4, "left": -246.5, "attrs": {} },
    { "type": "wokwi-slide-switch", "id": "sw4", "top": -216.4, "left": -140.9, "attrs": {} },
    { "type": "wokwi-slide-switch", "id": "sw5", "top": -264.4, "left": -217.7, "attrs": {} }
  ],
  "connections": [
    [ "esp:TX0", "$serialMonitor:RX", "", [] ],
    [ "esp:RX0", "$serialMonitor:TX", "", [] ],
    [ "esp:D13", "sevseg1:A", "green", [ "h226.6", "v-200.7", "h0" ] ],
    [ "esp:D12", "sevseg1:B", "green", [ "h217", "v-182" ] ],
    [ "esp:D14", "sevseg1:C", "green", [ "h0" ] ],
    [ "esp:D27", "sevseg1:D", "green", [ "h0" ] ],
    [ "esp:D26", "sevseg1:E", "green", [ "h0" ] ],
    [ "esp:D25", "sevseg1:F", "green", [ "h149.8", "v-152.5", "h19.2", "v0" ] ],
    [ "esp:D33", "sevseg1:G", "green", [ "h140.2", "v-123.7" ] ],
    [ "sw2:2", "esp:VIN", "green", [ "v0" ] ],
    [ "sw3:2", "esp:VIN", "green", [ "v0" ] ],
    [ "sw1:2", "esp:VIN", "green", [ "v0" ] ],
    [ "sw4:2", "esp:VIN", "green", [ "v0" ] ],
    [ "sw5:2", "esp:VIN", "green", [ "v0" ] ],
    [ "sw3:1", "esp:GND.2", "green", [ "v0" ] ],
    [ "sw2:1", "esp:GND.2", "green", [ "v0" ] ],
    [ "sw1:1", "esp:GND.2", "green", [ "v0" ] ],
    [ "sw4:1", "esp:GND.2", "green", [ "v0" ] ],
    [ "sw5:1", "esp:GND.2", "green", [ "v0" ] ],
    [ "sw3:3", "esp:D22", "green", [ "v0" ] ],
    [ "sw2:3", "esp:D21", "green", [ "v0" ] ],
    [ "sw1:3", "esp:D23", "green", [ "v0" ] ],
    [ "sw4:3", "esp:D19", "green", [ "v0" ] ],
    [ "sw5:3", "esp:D18", "green", [ "v0" ] ],
    [ "sevseg1:COM.1", "esp:3V3", "green", [ "h0" ] ]
  ],
  "dependencies": {}
}