{
  "version": 1,
  "author": "Anonymous maker",
  "editor": "wokwi",
  "parts": [
    {
      "type": "wokwi-esp32-devkit-v1",
      "id": "esp",
      "top": -0.67,
      "left": 0,
      "rotate": 90,
      "attrs": { "env": "micropython-20230426-v1.20.0" }
    },
    { "type": "wokwi-slide-switch", "id": "sw1", "top": -34, "left": -25.7, "attrs": {} },
    {
      "type": "wokwi-buzzer",
      "id": "bz1",
      "top": 12,
      "left": -161.4,
      "attrs": { "volume": "0.1" }
    },
    { "type": "wokwi-slide-switch", "id": "sw2", "top": -34, "left": 70.3, "attrs": {} },
    { "type": "wokwi-slide-switch", "id": "sw3", "top": -34, "left": 22.3, "attrs": {} },
    { "type": "wokwi-slide-switch", "id": "sw4", "top": -34, "left": 118.3, "attrs": {} },
    { "type": "wokwi-slide-switch", "id": "sw5", "top": -72.4, "left": 22.3, "attrs": {} },
    { "type": "wokwi-slide-switch", "id": "sw6", "top": -72.4, "left": 70.3, "attrs": {} }
  ],
  "connections": [
    [ "esp:TX0", "$serialMonitor:RX", "", [] ],
    [ "esp:RX0", "$serialMonitor:TX", "", [] ],
    [ "bz1:1", "esp:GND.1", "black", [ "v0" ] ],
    [ "bz1:2", "esp:D15", "green", [ "v0" ] ],
    [ "sw1:2", "esp:VIN", "green", [ "v0" ] ],
    [ "sw1:1", "esp:GND.2", "green", [ "v0" ] ],
    [ "sw3:2", "esp:VIN", "green", [ "v0" ] ],
    [ "sw2:2", "esp:VIN", "green", [ "v0" ] ],
    [ "sw4:2", "esp:VIN", "green", [ "v0" ] ],
    [ "sw5:2", "esp:VIN", "green", [ "v0" ] ],
    [ "sw6:2", "esp:VIN", "green", [ "v0" ] ],
    [ "sw5:1", "esp:GND.2", "green", [ "v0" ] ],
    [ "sw3:1", "esp:GND.2", "green", [ "v0" ] ],
    [ "sw2:1", "esp:GND.2", "green", [ "v0" ] ],
    [ "sw4:1", "esp:GND.2", "green", [ "v0" ] ],
    [ "sw6:1", "esp:GND.2", "green", [ "v0" ] ],
    [ "sw1:3", "esp:D13", "green", [ "v0" ] ],
    [ "sw3:3", "esp:D12", "green", [ "v0" ] ],
    [ "sw2:3", "esp:D14", "green", [ "v0" ] ],
    [ "sw4:3", "esp:D27", "green", [ "v0" ] ],
    [ "sw5:3", "esp:D26", "green", [ "v0" ] ],
    [ "sw6:3", "esp:D25", "green", [ "v0" ] ]
  ],
  "dependencies": {}
}